{
  "fraction_of_positives": [
    0.03305785123966942,
    0.0603448275862069,
    0.3,
    0.2631578947368421,
    0.25,
    0.375,
    0.3333333333333333,
    0.5454545454545454,
    0.9411764705882353,
    1.0
  ],
  "mean_predicted_value": [
    0.06147084586814908,
    0.13957641607728496,
    0.2474509060382843,
    0.3444486981944034,
    0.4391064327210188,
    0.5464299023151398,
    0.6374272571669685,
    0.7419974532994357,
    0.8453481109703288,
    0.9520342268727042
  ],
  "ece": 0.075466,
  "n_bins": 10
}