{
  "orders_last_90d": 0.6262678503990173,
  "recency": 0.10565422475337982,
  "orders_last_30d": 0.08649858832359314,
  "ratio_recent_historical": 0.021234769374132156,
  "avg_inter_order_days": 0.019732365384697914,
  "order_frequency_slope": 0.01956370286643505,
  "std_inter_order_days": 0.018864711746573448,
  "frequency": 0.01381397433578968,
  "spend_slope": 0.013289142400026321,
  "spend_change_ratio": 0.010942579247057438,
  "tenure_days": 0.010660598985850811,
  "monetary": 0.008505325764417648,
  "spend_last_30d": 0.008267641067504883,
  "country_encoded": 0.006931188516318798,
  "avg_order_value": 0.005582088604569435,
  "max_order_value": 0.005193372722715139,
  "rolling_avg_orders_3m": 0.005122099071741104,
  "channel_encoded": 0.004465422127395868,
  "spend_last_90d": 0.003478861413896084,
  "segment_encoded": 0.0034064268693327904,
  "spend_last_60d": 0.002525023650377989,
  "orders_last_60d": 0.0
}