{"fpr": [0.0, 0.0, 0.0, 0.003355704697986577, 0.003355704697986577, 0.006711409395973154, 0.006711409395973154, 0.010067114093959731, 0.010067114093959731, 0.020134228187919462, 0.020134228187919462, 0.02348993288590604, 0.02348993288590604, 0.030201342281879196, 0.030201342281879196, 0.040268456375838924, 0.040268456375838924, 0.05704697986577181, 0.05704697986577181, 0.06375838926174497, 0.06375838926174497, 0.0738255033557047, 0.0738255033557047, 0.08053691275167785, 0.08053691275167785, 0.10067114093959731, 0.10067114093959731, 0.11073825503355705, 0.11073825503355705, 0.11409395973154363, 0.11409395973154363, 0.1174496644295302, 0.1174496644295302, 0.12751677852348994, 0.12751677852348994, 0.1476510067114094, 0.1476510067114094, 0.15771812080536912, 0.15771812080536912, 0.16778523489932887, 0.16778523489932887, 0.17785234899328858, 0.18120805369127516, 0.1912751677852349, 0.1912751677852349, 0.19463087248322147, 0.19463087248322147, 0.20469798657718122, 0.20469798657718122, 0.2214765100671141, 0.2214765100671141, 0.2348993288590604, 0.2348993288590604, 0.27181208053691275, 0.27181208053691275, 0.2953020134228188, 0.2953020134228188, 0.3187919463087248, 0.3187919463087248, 0.3288590604026846, 0.3288590604026846, 0.41946308724832215, 0.4261744966442953, 0.46308724832214765, 0.4697986577181208, 0.4798657718120805, 0.4865771812080537, 0.5201342281879194, 0.5201342281879194, 0.5369127516778524, 0.5369127516778524, 0.6375838926174496, 0.6375838926174496, 0.6912751677852349, 0.6912751677852349, 0.761744966442953, 0.761744966442953, 0.8557046979865772, 0.8557046979865772, 1.0], "tpr": [0.0, 0.01020408163265306, 0.45918367346938777, 0.45918367346938777, 0.5204081632653061, 0.5204081632653061, 0.5510204081632653, 0.5510204081632653, 0.5714285714285714, 0.5714285714285714, 0.6122448979591837, 0.6122448979591837, 0.6224489795918368, 0.6224489795918368, 0.6326530612244898, 0.6326530612244898, 0.6428571428571429, 0.6428571428571429, 0.673469387755102, 0.673469387755102, 0.6836734693877551, 0.6836734693877551, 0.6938775510204082, 0.6938775510204082, 0.7040816326530612, 0.7040816326530612, 0.7244897959183674, 0.7244897959183674, 0.7346938775510204, 0.7346938775510204, 0.7448979591836735, 0.7448979591836735, 0.7551020408163265, 0.7551020408163265, 0.7653061224489796, 0.7653061224489796, 0.7755102040816326, 0.7755102040816326, 0.7959183673469388, 0.7959183673469388, 0.8061224489795918, 0.8061224489795918, 0.8163265306122449, 0.8163265306122449, 0.826530612244898, 0.826530612244898, 0.8367346938775511, 0.8367346938775511, 0.8673469387755102, 0.8673469387755102, 0.8775510204081632, 0.8775510204081632, 0.8877551020408163, 0.8877551020408163, 0.8979591836734694, 0.8979591836734694, 0.9081632653061225, 0.9081632653061225, 0.9285714285714286, 0.9285714285714286, 0.9387755102040817, 0.9387755102040817, 0.9387755102040817, 0.9387755102040817, 0.9387755102040817, 0.9387755102040817, 0.9387755102040817, 0.9387755102040817, 0.9489795918367347, 0.9489795918367347, 0.9591836734693877, 0.9591836734693877, 0.9693877551020408, 0.9693877551020408, 0.9795918367346939, 0.9795918367346939, 0.9897959183673469, 0.9897959183673469, 1.0, 1.0]}